<?xml version="1.0" encoding="UTF-8"?>
<BaliMessageLog>
    <Task name="Export">
        <Message>
            <ID>1026001</ID>
            <Severity>16</Severity>
            <Dynamic>Z:/ES4/testproject (2)/testproject/pinout.pdc</Dynamic>
            <Dynamic>1</Dynamic>
            <Dynamic>No port matched 'sound_ch_en[0]'.</Dynamic>
            <Navigation>Z:/ES4/testproject (2)/testproject/pinout.pdc</Navigation>
            <Navigation>1</Navigation>
        </Message>
        <Message>
            <ID>1191031</ID>
            <Severity>1</Severity>
        </Message>
    </Task>
    <Task name="PAR">
        <Message>
            <ID>70001944</ID>
            <Severity>16</Severity>
            <Dynamic>create_generated_clock -name {clk_out} -source [get_pins {pl/lscc_pll_inst/u_PLL_B/REFERENCECLK}] -multiply_by 67 -divide_by 32 [get_pins {pl/lscc_pll_inst/u_PLL_B/OUTCORE }] </Dynamic>
        </Message>
        <Message>
            <ID>71003020</ID>
            <Severity>16</Severity>
            <Dynamic>input_clk</Dynamic>
        </Message>
        <Message>
            <ID>71003020</ID>
            <Severity>16</Severity>
            <Dynamic>sound_ch_en</Dynamic>
        </Message>
        <Message>
            <ID>71003020</ID>
            <Severity>16</Severity>
            <Dynamic>input_clk</Dynamic>
        </Message>
        <Message>
            <ID>71003020</ID>
            <Severity>16</Severity>
            <Dynamic>sound_ch_en</Dynamic>
        </Message>
        <Message>
            <ID>71003020</ID>
            <Severity>16</Severity>
            <Dynamic>input_clk</Dynamic>
        </Message>
        <Message>
            <ID>71003020</ID>
            <Severity>16</Severity>
            <Dynamic>sound_ch_en</Dynamic>
        </Message>
        <Message>
            <ID>71003020</ID>
            <Severity>16</Severity>
            <Dynamic>input_clk</Dynamic>
        </Message>
        <Message>
            <ID>71003020</ID>
            <Severity>16</Severity>
            <Dynamic>sound_ch_en</Dynamic>
        </Message>
        <Message>
            <ID>71003005</ID>
            <Severity>256</Severity>
            <Dynamic>clk</Dynamic>
            <Dynamic>18</Dynamic>
        </Message>
        <Message>
            <ID>70001944</ID>
            <Severity>16</Severity>
            <Dynamic>create_generated_clock -name {clk_out} -source [get_pins {pl/lscc_pll_inst/u_PLL_B/REFERENCECLK}] -multiply_by 67 -divide_by 32 [get_pins {pl/lscc_pll_inst/u_PLL_B/OUTCORE }] </Dynamic>
        </Message>
        <Message>
            <ID>62202000</ID>
            <Severity>256</Severity>
            <Dynamic>clk_c</Dynamic>
        </Message>
        <Message>
            <ID>70001944</ID>
            <Severity>16</Severity>
            <Dynamic>create_generated_clock -name {clk_out} -source [get_pins {pl/lscc_pll_inst/u_PLL_B/REFERENCECLK}] -multiply_by 67 -divide_by 32 [get_pins {pl/lscc_pll_inst/u_PLL_B/OUTCORE }] </Dynamic>
        </Message>
        <Message>
            <ID>70001944</ID>
            <Severity>16</Severity>
            <Dynamic>create_generated_clock -name {clk_out} -source [get_pins {pl/lscc_pll_inst/u_PLL_B/REFERENCECLK}] -multiply_by 67 -divide_by 32 [get_pins {pl/lscc_pll_inst/u_PLL_B/OUTCORE }] </Dynamic>
        </Message>
        <Message>
            <ID>70001944</ID>
            <Severity>16</Severity>
            <Dynamic>create_generated_clock -name {clk_out} -source [get_pins {pl/lscc_pll_inst/u_PLL_B/REFERENCECLK}] -multiply_by 67 -divide_by 32 [get_pins {pl/lscc_pll_inst/u_PLL_B/OUTCORE }] </Dynamic>
        </Message>
    </Task>
    <Task name="Synthesis">
        <Message>
            <ID>35831026</ID>
            <Severity>16</Severity>
        </Message>
        <Message>
            <ID>35935050</ID>
            <Severity>16</Severity>
            <Dynamic>TRIM9</Dynamic>
        </Message>
        <Message>
            <ID>35935050</ID>
            <Severity>16</Severity>
            <Dynamic>TRIM8</Dynamic>
        </Message>
        <Message>
            <ID>35935050</ID>
            <Severity>16</Severity>
            <Dynamic>TRIM7</Dynamic>
        </Message>
        <Message>
            <ID>35935050</ID>
            <Severity>16</Severity>
            <Dynamic>TRIM6</Dynamic>
        </Message>
        <Message>
            <ID>35935050</ID>
            <Severity>16</Severity>
            <Dynamic>TRIM5</Dynamic>
        </Message>
        <Message>
            <ID>35935050</ID>
            <Severity>16</Severity>
            <Dynamic>TRIM4</Dynamic>
        </Message>
        <Message>
            <ID>35935050</ID>
            <Severity>16</Severity>
            <Dynamic>TRIM3</Dynamic>
        </Message>
        <Message>
            <ID>35935050</ID>
            <Severity>16</Severity>
            <Dynamic>TRIM2</Dynamic>
        </Message>
        <Message>
            <ID>35935050</ID>
            <Severity>16</Severity>
            <Dynamic>TRIM1</Dynamic>
        </Message>
        <Message>
            <ID>35935050</ID>
            <Severity>16</Severity>
            <Dynamic>TRIM0</Dynamic>
        </Message>
        <Message>
            <ID>35935050</ID>
            <Severity>16</Severity>
            <Dynamic>I</Dynamic>
        </Message>
        <Message>
            <ID>35901018</ID>
            <Severity>1</Severity>
            <Dynamic>Z:/ES4/testproject (2)/testproject/mypll/rtl/mypll.v(11): </Dynamic>
            <Dynamic>mypll</Dynamic>
            <Navigation>Z:/ES4/testproject (2)/testproject/mypll/rtl/mypll.v</Navigation>
            <Navigation>11</Navigation>
        </Message>
        <Message>
            <ID>35901018</ID>
            <Severity>1</Severity>
            <Dynamic>Z:/ES4/testproject (2)/testproject/mypll/rtl/mypll.v(105): </Dynamic>
            <Dynamic>mypll_ipgen_lscc_pll(DIVR=&quot;0&quot;,DIVF=&quot;66&quot;,DIVQ=&quot;5&quot;,FILTER_RANGE=&quot;1&quot;,PLLOUT_SELECT_PORTA=&quot;GENCLK&quot;,PLLOUT_SELECT_PORTB=&quot;GENCLK&quot;,FREQUENCY_PIN_REFERENCECLK=&quot;12.000000&quot;)</Dynamic>
            <Navigation>Z:/ES4/testproject (2)/testproject/mypll/rtl/mypll.v</Navigation>
            <Navigation>105</Navigation>
        </Message>
        <Message>
            <ID>35901018</ID>
            <Severity>1</Severity>
            <Dynamic>C:/lscc/radiant/2023.1/ispfpga/../cae_library/synthesis/verilog/iCE40UP.v(428): </Dynamic>
            <Dynamic>PLL_B(PLLOUT_SELECT_PORTA=&quot;GENCLK&quot;,PLLOUT_SELECT_PORTB=&quot;GENCLK&quot;,DIVF=&quot;66&quot;,DIVQ=&quot;5&quot;,FILTER_RANGE=&quot;1&quot;,FREQUENCY_PIN_REFERENCECLK=&quot;12.000000&quot;)</Dynamic>
            <Navigation>C:/lscc/radiant/2023.1/ispfpga/../cae_library/synthesis/verilog/iCE40UP.v</Navigation>
            <Navigation>428</Navigation>
        </Message>
        <Message>
            <ID>35935049</ID>
            <Severity>16</Severity>
            <Dynamic>sclk_i</Dynamic>
        </Message>
        <Message>
            <ID>35935049</ID>
            <Severity>16</Severity>
            <Dynamic>sdi_i</Dynamic>
        </Message>
        <Message>
            <ID>35831038</ID>
            <Severity>1</Severity>
            <Dynamic>main</Dynamic>
        </Message>
        <Message>
            <ID>35831026</ID>
            <Severity>16</Severity>
        </Message>
        <Message>
            <ID>35935050</ID>
            <Severity>16</Severity>
            <Dynamic>TRIM9</Dynamic>
        </Message>
        <Message>
            <ID>35935050</ID>
            <Severity>16</Severity>
            <Dynamic>TRIM8</Dynamic>
        </Message>
        <Message>
            <ID>35935050</ID>
            <Severity>16</Severity>
            <Dynamic>TRIM7</Dynamic>
        </Message>
        <Message>
            <ID>35935050</ID>
            <Severity>16</Severity>
            <Dynamic>TRIM6</Dynamic>
        </Message>
        <Message>
            <ID>35935050</ID>
            <Severity>16</Severity>
            <Dynamic>TRIM5</Dynamic>
        </Message>
        <Message>
            <ID>35935050</ID>
            <Severity>16</Severity>
            <Dynamic>TRIM4</Dynamic>
        </Message>
        <Message>
            <ID>35935050</ID>
            <Severity>16</Severity>
            <Dynamic>TRIM3</Dynamic>
        </Message>
        <Message>
            <ID>35935050</ID>
            <Severity>16</Severity>
            <Dynamic>TRIM2</Dynamic>
        </Message>
        <Message>
            <ID>35935050</ID>
            <Severity>16</Severity>
            <Dynamic>TRIM1</Dynamic>
        </Message>
        <Message>
            <ID>35935050</ID>
            <Severity>16</Severity>
            <Dynamic>TRIM0</Dynamic>
        </Message>
        <Message>
            <ID>35935050</ID>
            <Severity>16</Severity>
            <Dynamic>I</Dynamic>
        </Message>
        <Message>
            <ID>35901018</ID>
            <Severity>1</Severity>
            <Dynamic>mypll.v(63): </Dynamic>
            <Dynamic>mypll</Dynamic>
            <Navigation>mypll.v</Navigation>
            <Navigation>63</Navigation>
        </Message>
        <Message>
            <ID>2019991</ID>
            <Severity>16</Severity>
            <Dynamic>CG296 :&quot;Z:\ES4\testproject (2)\testproject\source\impl_1\es_tones_module.vhd&quot;:41:8:41:14|Incomplete sensitivity list; assuming completeness. Make sure all referenced variables in message CG290 are included in the sensitivity list.</Dynamic>
            <Navigation>CG296</Navigation>
            <Navigation>Z:\ES4\testproject (2)\testproject\source\impl_1\es_tones_module.vhd</Navigation>
            <Navigation>41</Navigation>
            <Navigation>8</Navigation>
            <Navigation>41</Navigation>
            <Navigation>14</Navigation>
            <Navigation>Incomplete sensitivity list; assuming completeness. Make sure all referenced variables in message CG290 are included in the sensitivity list.</Navigation>
        </Message>
        <Message>
            <ID>2019991</ID>
            <Severity>16</Severity>
            <Dynamic>CG290 :&quot;Z:\ES4\testproject (2)\testproject\source\impl_1\es_tones_module.vhd&quot;:58:6:58:16|Referenced variable sound_ch_en is not in sensitivity list.</Dynamic>
            <Navigation>CG290</Navigation>
            <Navigation>Z:\ES4\testproject (2)\testproject\source\impl_1\es_tones_module.vhd</Navigation>
            <Navigation>58</Navigation>
            <Navigation>6</Navigation>
            <Navigation>58</Navigation>
            <Navigation>16</Navigation>
            <Navigation>Referenced variable sound_ch_en is not in sensitivity list.</Navigation>
        </Message>
        <Message>
            <ID>2019991</ID>
            <Severity>16</Severity>
            <Dynamic>CD638 :&quot;Z:\ES4\testproject (2)\testproject\source\impl_1\es_tones_module.vhd&quot;:28:7:28:19|Signal ch1_tone_freq is undriven. Either assign the signal a value or remove the signal declaration.</Dynamic>
            <Navigation>CD638</Navigation>
            <Navigation>Z:\ES4\testproject (2)\testproject\source\impl_1\es_tones_module.vhd</Navigation>
            <Navigation>28</Navigation>
            <Navigation>7</Navigation>
            <Navigation>28</Navigation>
            <Navigation>19</Navigation>
            <Navigation>Signal ch1_tone_freq is undriven. Either assign the signal a value or remove the signal declaration.</Navigation>
        </Message>
        <Message>
            <ID>2019991</ID>
            <Severity>16</Severity>
            <Dynamic>CD638 :&quot;Z:\ES4\testproject (2)\testproject\source\impl_1\es_tones_module.vhd&quot;:29:7:29:19|Signal ch2_tone_freq is undriven. Either assign the signal a value or remove the signal declaration.</Dynamic>
            <Navigation>CD638</Navigation>
            <Navigation>Z:\ES4\testproject (2)\testproject\source\impl_1\es_tones_module.vhd</Navigation>
            <Navigation>29</Navigation>
            <Navigation>7</Navigation>
            <Navigation>29</Navigation>
            <Navigation>19</Navigation>
            <Navigation>Signal ch2_tone_freq is undriven. Either assign the signal a value or remove the signal declaration.</Navigation>
        </Message>
        <Message>
            <ID>2019991</ID>
            <Severity>16</Severity>
            <Dynamic>CD638 :&quot;Z:\ES4\testproject (2)\testproject\source\impl_1\es_tones_module.vhd&quot;:33:7:33:19|Signal ch1_count_max is undriven. Either assign the signal a value or remove the signal declaration.</Dynamic>
            <Navigation>CD638</Navigation>
            <Navigation>Z:\ES4\testproject (2)\testproject\source\impl_1\es_tones_module.vhd</Navigation>
            <Navigation>33</Navigation>
            <Navigation>7</Navigation>
            <Navigation>33</Navigation>
            <Navigation>19</Navigation>
            <Navigation>Signal ch1_count_max is undriven. Either assign the signal a value or remove the signal declaration.</Navigation>
        </Message>
        <Message>
            <ID>2019991</ID>
            <Severity>16</Severity>
            <Dynamic>CD638 :&quot;Z:\ES4\testproject (2)\testproject\source\impl_1\es_tones_module.vhd&quot;:35:7:35:19|Signal ch2_count_max is undriven. Either assign the signal a value or remove the signal declaration.</Dynamic>
            <Navigation>CD638</Navigation>
            <Navigation>Z:\ES4\testproject (2)\testproject\source\impl_1\es_tones_module.vhd</Navigation>
            <Navigation>35</Navigation>
            <Navigation>7</Navigation>
            <Navigation>35</Navigation>
            <Navigation>19</Navigation>
            <Navigation>Signal ch2_count_max is undriven. Either assign the signal a value or remove the signal declaration.</Navigation>
        </Message>
        <Message>
            <ID>2019991</ID>
            <Severity>16</Severity>
            <Dynamic>CL117 :&quot;Z:\ES4\testproject (2)\testproject\source\impl_1\es_tones_module.vhd&quot;:58:3:58:4|Latch generated from process for signal sound_out; possible missing assignment in an if or case statement.</Dynamic>
            <Navigation>CL117</Navigation>
            <Navigation>Z:\ES4\testproject (2)\testproject\source\impl_1\es_tones_module.vhd</Navigation>
            <Navigation>58</Navigation>
            <Navigation>3</Navigation>
            <Navigation>58</Navigation>
            <Navigation>4</Navigation>
            <Navigation>Latch generated from process for signal sound_out; possible missing assignment in an if or case statement.</Navigation>
        </Message>
        <Message>
            <ID>2019991</ID>
            <Severity>16</Severity>
            <Dynamic>CD638 :&quot;Z:\ES4\testproject (2)\testproject\source\impl_1\pattern_gen.vhd&quot;:75:11:75:14|Signal temp is undriven. Either assign the signal a value or remove the signal declaration.</Dynamic>
            <Navigation>CD638</Navigation>
            <Navigation>Z:\ES4\testproject (2)\testproject\source\impl_1\pattern_gen.vhd</Navigation>
            <Navigation>75</Navigation>
            <Navigation>11</Navigation>
            <Navigation>75</Navigation>
            <Navigation>14</Navigation>
            <Navigation>Signal temp is undriven. Either assign the signal a value or remove the signal declaration.</Navigation>
        </Message>
        <Message>
            <ID>2019991</ID>
            <Severity>16</Severity>
            <Dynamic>CD638 :&quot;Z:\ES4\testproject (2)\testproject\source\impl_1\pattern_gen.vhd&quot;:76:11:76:15|Signal temp2 is undriven. Either assign the signal a value or remove the signal declaration.</Dynamic>
            <Navigation>CD638</Navigation>
            <Navigation>Z:\ES4\testproject (2)\testproject\source\impl_1\pattern_gen.vhd</Navigation>
            <Navigation>76</Navigation>
            <Navigation>11</Navigation>
            <Navigation>76</Navigation>
            <Navigation>15</Navigation>
            <Navigation>Signal temp2 is undriven. Either assign the signal a value or remove the signal declaration.</Navigation>
        </Message>
        <Message>
            <ID>2019991</ID>
            <Severity>16</Severity>
            <Dynamic>CD638 :&quot;Z:\ES4\testproject (2)\testproject\source\impl_1\pattern_gen.vhd&quot;:79:11:79:17|Signal counter is undriven. Either assign the signal a value or remove the signal declaration.</Dynamic>
            <Navigation>CD638</Navigation>
            <Navigation>Z:\ES4\testproject (2)\testproject\source\impl_1\pattern_gen.vhd</Navigation>
            <Navigation>79</Navigation>
            <Navigation>11</Navigation>
            <Navigation>79</Navigation>
            <Navigation>17</Navigation>
            <Navigation>Signal counter is undriven. Either assign the signal a value or remove the signal declaration.</Navigation>
        </Message>
        <Message>
            <ID>2019991</ID>
            <Severity>16</Severity>
            <Dynamic>CD638 :&quot;Z:\ES4\testproject (2)\testproject\source\impl_1\game_logic.vhd&quot;:67:7:67:16|Signal handler_p1 is undriven. Either assign the signal a value or remove the signal declaration.</Dynamic>
            <Navigation>CD638</Navigation>
            <Navigation>Z:\ES4\testproject (2)\testproject\source\impl_1\game_logic.vhd</Navigation>
            <Navigation>67</Navigation>
            <Navigation>7</Navigation>
            <Navigation>67</Navigation>
            <Navigation>16</Navigation>
            <Navigation>Signal handler_p1 is undriven. Either assign the signal a value or remove the signal declaration.</Navigation>
        </Message>
        <Message>
            <ID>2019991</ID>
            <Severity>16</Severity>
            <Dynamic>CD638 :&quot;Z:\ES4\testproject (2)\testproject\source\impl_1\game_logic.vhd&quot;:68:7:68:16|Signal handler_p2 is undriven. Either assign the signal a value or remove the signal declaration.</Dynamic>
            <Navigation>CD638</Navigation>
            <Navigation>Z:\ES4\testproject (2)\testproject\source\impl_1\game_logic.vhd</Navigation>
            <Navigation>68</Navigation>
            <Navigation>7</Navigation>
            <Navigation>68</Navigation>
            <Navigation>16</Navigation>
            <Navigation>Signal handler_p2 is undriven. Either assign the signal a value or remove the signal declaration.</Navigation>
        </Message>
        <Message>
            <ID>2019991</ID>
            <Severity>16</Severity>
            <Dynamic>CL260 :&quot;Z:\ES4\testproject (2)\testproject\source\impl_1\game_logic.vhd&quot;:78:0:78:1|Pruning register bit 1 of Collision(1 downto 0). If this is not the intended behavior, drive the input with valid values, or an input from the top level.</Dynamic>
            <Navigation>CL260</Navigation>
            <Navigation>Z:\ES4\testproject (2)\testproject\source\impl_1\game_logic.vhd</Navigation>
            <Navigation>78</Navigation>
            <Navigation>0</Navigation>
            <Navigation>78</Navigation>
            <Navigation>1</Navigation>
            <Navigation>Pruning register bit 1 of Collision(1 downto 0). If this is not the intended behavior, drive the input with valid values, or an input from the top level.</Navigation>
        </Message>
        <Message>
            <ID>2019991</ID>
            <Severity>16</Severity>
            <Dynamic>CL279 :&quot;Z:\ES4\testproject (2)\testproject\source\impl_1\game_logic.vhd&quot;:78:0:78:1|Pruning register bits 5 to 4 of start(5 downto 0). If this is not the intended behavior, drive the inputs with valid values, or inputs from the top level.</Dynamic>
            <Navigation>CL279</Navigation>
            <Navigation>Z:\ES4\testproject (2)\testproject\source\impl_1\game_logic.vhd</Navigation>
            <Navigation>78</Navigation>
            <Navigation>0</Navigation>
            <Navigation>78</Navigation>
            <Navigation>1</Navigation>
            <Navigation>Pruning register bits 5 to 4 of start(5 downto 0). If this is not the intended behavior, drive the inputs with valid values, or inputs from the top level.</Navigation>
        </Message>
        <Message>
            <ID>2019991</ID>
            <Severity>16</Severity>
            <Dynamic>CL260 :&quot;Z:\ES4\testproject (2)\testproject\source\impl_1\pattern_gen.vhd&quot;:137:8:137:9|Pruning register bit 5 of colors(5 downto 0). If this is not the intended behavior, drive the input with valid values, or an input from the top level.</Dynamic>
            <Navigation>CL260</Navigation>
            <Navigation>Z:\ES4\testproject (2)\testproject\source\impl_1\pattern_gen.vhd</Navigation>
            <Navigation>137</Navigation>
            <Navigation>8</Navigation>
            <Navigation>137</Navigation>
            <Navigation>9</Navigation>
            <Navigation>Pruning register bit 5 of colors(5 downto 0). If this is not the intended behavior, drive the input with valid values, or an input from the top level.</Navigation>
        </Message>
        <Message>
            <ID>2019991</ID>
            <Severity>16</Severity>
            <Dynamic>CG781 :&quot;Z:\ES4\testproject (2)\testproject\mypll\rtl\mypll.v&quot;:46:23:46:23|Input sclk_i on instance lscc_pll_inst is undriven; assigning to 0.  Simulation mismatch possible. Either assign the input or remove the declaration.</Dynamic>
            <Navigation>CG781</Navigation>
            <Navigation>Z:\ES4\testproject (2)\testproject\mypll\rtl\mypll.v</Navigation>
            <Navigation>46</Navigation>
            <Navigation>23</Navigation>
            <Navigation>46</Navigation>
            <Navigation>23</Navigation>
            <Navigation>Input sclk_i on instance lscc_pll_inst is undriven; assigning to 0.  Simulation mismatch possible. Either assign the input or remove the declaration. </Navigation>
        </Message>
        <Message>
            <ID>2019991</ID>
            <Severity>16</Severity>
            <Dynamic>CG781 :&quot;Z:\ES4\testproject (2)\testproject\mypll\rtl\mypll.v&quot;:47:22:47:22|Input sdi_i on instance lscc_pll_inst is undriven; assigning to 0.  Simulation mismatch possible. Either assign the input or remove the declaration.</Dynamic>
            <Navigation>CG781</Navigation>
            <Navigation>Z:\ES4\testproject (2)\testproject\mypll\rtl\mypll.v</Navigation>
            <Navigation>47</Navigation>
            <Navigation>22</Navigation>
            <Navigation>47</Navigation>
            <Navigation>22</Navigation>
            <Navigation>Input sdi_i on instance lscc_pll_inst is undriven; assigning to 0.  Simulation mismatch possible. Either assign the input or remove the declaration. </Navigation>
        </Message>
        <Message>
            <ID>2019991</ID>
            <Severity>16</Severity>
            <Dynamic>FX1172 :&quot;z:\es4\testproject (2)\testproject\source\impl_1\game_logic.vhd&quot;:78:0:78:1|User-specified initial value defined for instance game.Vx2[4:0] is being ignored due to limitations in architecture.</Dynamic>
            <Navigation>FX1172</Navigation>
            <Navigation>z:\es4\testproject (2)\testproject\source\impl_1\game_logic.vhd</Navigation>
            <Navigation>78</Navigation>
            <Navigation>0</Navigation>
            <Navigation>78</Navigation>
            <Navigation>1</Navigation>
            <Navigation>User-specified initial value defined for instance game.Vx2[4:0] is being ignored due to limitations in architecture. </Navigation>
        </Message>
        <Message>
            <ID>2019991</ID>
            <Severity>16</Severity>
            <Dynamic>FX1172 :&quot;z:\es4\testproject (2)\testproject\source\impl_1\game_logic.vhd&quot;:78:0:78:1|User-specified initial value defined for instance game.Vx[4:0] is being ignored due to limitations in architecture.</Dynamic>
            <Navigation>FX1172</Navigation>
            <Navigation>z:\es4\testproject (2)\testproject\source\impl_1\game_logic.vhd</Navigation>
            <Navigation>78</Navigation>
            <Navigation>0</Navigation>
            <Navigation>78</Navigation>
            <Navigation>1</Navigation>
            <Navigation>User-specified initial value defined for instance game.Vx[4:0] is being ignored due to limitations in architecture. </Navigation>
        </Message>
        <Message>
            <ID>2019991</ID>
            <Severity>16</Severity>
            <Dynamic>FX1172 :&quot;z:\es4\testproject (2)\testproject\source\impl_1\game_logic.vhd&quot;:78:0:78:1|User-specified initial value defined for instance game.Px2[10:0] is being ignored due to limitations in architecture.</Dynamic>
            <Navigation>FX1172</Navigation>
            <Navigation>z:\es4\testproject (2)\testproject\source\impl_1\game_logic.vhd</Navigation>
            <Navigation>78</Navigation>
            <Navigation>0</Navigation>
            <Navigation>78</Navigation>
            <Navigation>1</Navigation>
            <Navigation>User-specified initial value defined for instance game.Px2[10:0] is being ignored due to limitations in architecture. </Navigation>
        </Message>
        <Message>
            <ID>2019991</ID>
            <Severity>16</Severity>
            <Dynamic>FX1172 :&quot;z:\es4\testproject (2)\testproject\source\impl_1\game_logic.vhd&quot;:78:0:78:1|User-specified initial value defined for instance game.Px[10:0] is being ignored due to limitations in architecture.</Dynamic>
            <Navigation>FX1172</Navigation>
            <Navigation>z:\es4\testproject (2)\testproject\source\impl_1\game_logic.vhd</Navigation>
            <Navigation>78</Navigation>
            <Navigation>0</Navigation>
            <Navigation>78</Navigation>
            <Navigation>1</Navigation>
            <Navigation>User-specified initial value defined for instance game.Px[10:0] is being ignored due to limitations in architecture. </Navigation>
        </Message>
        <Message>
            <ID>2019991</ID>
            <Severity>16</Severity>
            <Dynamic>FX1172 :&quot;z:\es4\testproject (2)\testproject\source\impl_1\game_logic.vhd&quot;:78:0:78:1|User-specified initial value defined for instance game.Py2[9:0] is being ignored due to limitations in architecture.</Dynamic>
            <Navigation>FX1172</Navigation>
            <Navigation>z:\es4\testproject (2)\testproject\source\impl_1\game_logic.vhd</Navigation>
            <Navigation>78</Navigation>
            <Navigation>0</Navigation>
            <Navigation>78</Navigation>
            <Navigation>1</Navigation>
            <Navigation>User-specified initial value defined for instance game.Py2[9:0] is being ignored due to limitations in architecture. </Navigation>
        </Message>
        <Message>
            <ID>2019991</ID>
            <Severity>16</Severity>
            <Dynamic>FX1172 :&quot;z:\es4\testproject (2)\testproject\source\impl_1\game_logic.vhd&quot;:78:0:78:1|User-specified initial value defined for instance game.Py[9:0] is being ignored due to limitations in architecture.</Dynamic>
            <Navigation>FX1172</Navigation>
            <Navigation>z:\es4\testproject (2)\testproject\source\impl_1\game_logic.vhd</Navigation>
            <Navigation>78</Navigation>
            <Navigation>0</Navigation>
            <Navigation>78</Navigation>
            <Navigation>1</Navigation>
            <Navigation>User-specified initial value defined for instance game.Py[9:0] is being ignored due to limitations in architecture. </Navigation>
        </Message>
        <Message>
            <ID>2019991</ID>
            <Severity>16</Severity>
            <Dynamic>FX1172 :&quot;z:\es4\testproject (2)\testproject\source\impl_1\game_logic.vhd&quot;:78:0:78:1|User-specified initial value defined for instance game.Vy2[4:0] is being ignored due to limitations in architecture.</Dynamic>
            <Navigation>FX1172</Navigation>
            <Navigation>z:\es4\testproject (2)\testproject\source\impl_1\game_logic.vhd</Navigation>
            <Navigation>78</Navigation>
            <Navigation>0</Navigation>
            <Navigation>78</Navigation>
            <Navigation>1</Navigation>
            <Navigation>User-specified initial value defined for instance game.Vy2[4:0] is being ignored due to limitations in architecture. </Navigation>
        </Message>
        <Message>
            <ID>2019991</ID>
            <Severity>16</Severity>
            <Dynamic>FX1172 :&quot;z:\es4\testproject (2)\testproject\source\impl_1\game_logic.vhd&quot;:78:0:78:1|User-specified initial value defined for instance game.Vy[4:0] is being ignored due to limitations in architecture.</Dynamic>
            <Navigation>FX1172</Navigation>
            <Navigation>z:\es4\testproject (2)\testproject\source\impl_1\game_logic.vhd</Navigation>
            <Navigation>78</Navigation>
            <Navigation>0</Navigation>
            <Navigation>78</Navigation>
            <Navigation>1</Navigation>
            <Navigation>User-specified initial value defined for instance game.Vy[4:0] is being ignored due to limitations in architecture. </Navigation>
        </Message>
        <Message>
            <ID>2019991</ID>
            <Severity>16</Severity>
            <Dynamic>FX1172 :&quot;z:\es4\testproject (2)\testproject\source\impl_1\pattern_gen.vhd&quot;:137:8:137:9|User-specified initial value defined for instance cgen.VGAAddr[12:0] is being ignored due to limitations in architecture.</Dynamic>
            <Navigation>FX1172</Navigation>
            <Navigation>z:\es4\testproject (2)\testproject\source\impl_1\pattern_gen.vhd</Navigation>
            <Navigation>137</Navigation>
            <Navigation>8</Navigation>
            <Navigation>137</Navigation>
            <Navigation>9</Navigation>
            <Navigation>User-specified initial value defined for instance cgen.VGAAddr[12:0] is being ignored due to limitations in architecture. </Navigation>
        </Message>
        <Message>
            <ID>2019991</ID>
            <Severity>16</Severity>
            <Dynamic>FX1172 :&quot;z:\es4\testproject (2)\testproject\source\impl_1\pattern_gen.vhd&quot;:137:8:137:9|User-specified initial value defined for instance cgen.DVDAddr[12:0] is being ignored due to limitations in architecture.</Dynamic>
            <Navigation>FX1172</Navigation>
            <Navigation>z:\es4\testproject (2)\testproject\source\impl_1\pattern_gen.vhd</Navigation>
            <Navigation>137</Navigation>
            <Navigation>8</Navigation>
            <Navigation>137</Navigation>
            <Navigation>9</Navigation>
            <Navigation>User-specified initial value defined for instance cgen.DVDAddr[12:0] is being ignored due to limitations in architecture. </Navigation>
        </Message>
        <Message>
            <ID>2019991</ID>
            <Severity>16</Severity>
            <Dynamic>FX1172 :&quot;z:\es4\testproject (2)\testproject\source\impl_1\pattern_gen.vhd&quot;:137:8:137:9|User-specified initial value defined for instance cgen.STARTAddr[15:0] is being ignored due to limitations in architecture.</Dynamic>
            <Navigation>FX1172</Navigation>
            <Navigation>z:\es4\testproject (2)\testproject\source\impl_1\pattern_gen.vhd</Navigation>
            <Navigation>137</Navigation>
            <Navigation>8</Navigation>
            <Navigation>137</Navigation>
            <Navigation>9</Navigation>
            <Navigation>User-specified initial value defined for instance cgen.STARTAddr[15:0] is being ignored due to limitations in architecture. </Navigation>
        </Message>
        <Message>
            <ID>2019991</ID>
            <Severity>16</Severity>
            <Dynamic>FX1172 :&quot;z:\es4\testproject (2)\testproject\source\impl_1\pattern_gen.vhd&quot;:137:8:137:9|User-specified initial value defined for instance cgen.WINAddr[12:0] is being ignored due to limitations in architecture.</Dynamic>
            <Navigation>FX1172</Navigation>
            <Navigation>z:\es4\testproject (2)\testproject\source\impl_1\pattern_gen.vhd</Navigation>
            <Navigation>137</Navigation>
            <Navigation>8</Navigation>
            <Navigation>137</Navigation>
            <Navigation>9</Navigation>
            <Navigation>User-specified initial value defined for instance cgen.WINAddr[12:0] is being ignored due to limitations in architecture. </Navigation>
        </Message>
        <Message>
            <ID>2019991</ID>
            <Severity>16</Severity>
            <Dynamic>FX1172 :&quot;z:\es4\testproject (2)\testproject\source\impl_1\pattern_gen.vhd&quot;:137:8:137:9|User-specified initial value defined for instance cgen.LOSEAddr[12:0] is being ignored due to limitations in architecture.</Dynamic>
            <Navigation>FX1172</Navigation>
            <Navigation>z:\es4\testproject (2)\testproject\source\impl_1\pattern_gen.vhd</Navigation>
            <Navigation>137</Navigation>
            <Navigation>8</Navigation>
            <Navigation>137</Navigation>
            <Navigation>9</Navigation>
            <Navigation>User-specified initial value defined for instance cgen.LOSEAddr[12:0] is being ignored due to limitations in architecture. </Navigation>
        </Message>
        <Message>
            <ID>2019991</ID>
            <Severity>16</Severity>
            <Dynamic>FX1172 :&quot;z:\es4\testproject (2)\testproject\source\impl_1\pattern_gen.vhd&quot;:137:8:137:9|User-specified initial value defined for instance cgen.s[1:0] is being ignored due to limitations in architecture.</Dynamic>
            <Navigation>FX1172</Navigation>
            <Navigation>z:\es4\testproject (2)\testproject\source\impl_1\pattern_gen.vhd</Navigation>
            <Navigation>137</Navigation>
            <Navigation>8</Navigation>
            <Navigation>137</Navigation>
            <Navigation>9</Navigation>
            <Navigation>User-specified initial value defined for instance cgen.s[1:0] is being ignored due to limitations in architecture. </Navigation>
        </Message>
        <Message>
            <ID>2019991</ID>
            <Severity>16</Severity>
            <Dynamic>FX1172 :&quot;z:\es4\testproject (2)\testproject\source\impl_1\vga.vhd&quot;:24:0:24:1|User-specified initial value defined for instance vga_unit.rowCounter[9:0] is being ignored due to limitations in architecture.</Dynamic>
            <Navigation>FX1172</Navigation>
            <Navigation>z:\es4\testproject (2)\testproject\source\impl_1\vga.vhd</Navigation>
            <Navigation>24</Navigation>
            <Navigation>0</Navigation>
            <Navigation>24</Navigation>
            <Navigation>1</Navigation>
            <Navigation>User-specified initial value defined for instance vga_unit.rowCounter[9:0] is being ignored due to limitations in architecture. </Navigation>
        </Message>
        <Message>
            <ID>2019991</ID>
            <Severity>16</Severity>
            <Dynamic>FX1172 :&quot;z:\es4\testproject (2)\testproject\source\impl_1\vga.vhd&quot;:24:0:24:1|User-specified initial value defined for instance vga_unit.colCounter[9:0] is being ignored due to limitations in architecture.</Dynamic>
            <Navigation>FX1172</Navigation>
            <Navigation>z:\es4\testproject (2)\testproject\source\impl_1\vga.vhd</Navigation>
            <Navigation>24</Navigation>
            <Navigation>0</Navigation>
            <Navigation>24</Navigation>
            <Navigation>1</Navigation>
            <Navigation>User-specified initial value defined for instance vga_unit.colCounter[9:0] is being ignored due to limitations in architecture. </Navigation>
        </Message>
        <Message>
            <ID>2019991</ID>
            <Severity>16</Severity>
            <Dynamic>FX1172 :&quot;z:\es4\testproject (2)\testproject\source\impl_1\es_tones_module.vhd&quot;:42:12:42:13|User-specified initial value defined for instance speaker.ch2_count[31:0] is being ignored due to limitations in architecture.</Dynamic>
            <Navigation>FX1172</Navigation>
            <Navigation>z:\es4\testproject (2)\testproject\source\impl_1\es_tones_module.vhd</Navigation>
            <Navigation>42</Navigation>
            <Navigation>12</Navigation>
            <Navigation>42</Navigation>
            <Navigation>13</Navigation>
            <Navigation>User-specified initial value defined for instance speaker.ch2_count[31:0] is being ignored due to limitations in architecture. </Navigation>
        </Message>
        <Message>
            <ID>2019991</ID>
            <Severity>16</Severity>
            <Dynamic>FX1172 :&quot;z:\es4\testproject (2)\testproject\source\impl_1\es_tones_module.vhd&quot;:42:12:42:13|User-specified initial value defined for instance speaker.ch1_count[31:0] is being ignored due to limitations in architecture.</Dynamic>
            <Navigation>FX1172</Navigation>
            <Navigation>z:\es4\testproject (2)\testproject\source\impl_1\es_tones_module.vhd</Navigation>
            <Navigation>42</Navigation>
            <Navigation>12</Navigation>
            <Navigation>42</Navigation>
            <Navigation>13</Navigation>
            <Navigation>User-specified initial value defined for instance speaker.ch1_count[31:0] is being ignored due to limitations in architecture. </Navigation>
        </Message>
        <Message>
            <ID>2019991</ID>
            <Severity>16</Severity>
            <Dynamic>FX1172 :&quot;z:\es4\testproject (2)\testproject\source\impl_1\es_tones_module.vhd&quot;:42:12:42:13|User-specified initial value defined for instance speaker.tone_vect[1:0] is being ignored due to limitations in architecture.</Dynamic>
            <Navigation>FX1172</Navigation>
            <Navigation>z:\es4\testproject (2)\testproject\source\impl_1\es_tones_module.vhd</Navigation>
            <Navigation>42</Navigation>
            <Navigation>12</Navigation>
            <Navigation>42</Navigation>
            <Navigation>13</Navigation>
            <Navigation>User-specified initial value defined for instance speaker.tone_vect[1:0] is being ignored due to limitations in architecture. </Navigation>
        </Message>
        <Message>
            <ID>2019991</ID>
            <Severity>16</Severity>
            <Dynamic>MT462 :&quot;z:\es4\testproject (2)\testproject\source\impl_1\game_logic.vhd&quot;:78:0:78:1|Net game.Collision_1[0] (pin game.Collision_1[0].Q[0]) appears to be an unidentified clock source. Assuming default frequency. If this is a required clock, declare a clock constraint on this net in your constraint file.</Dynamic>
            <Navigation>MT462</Navigation>
            <Navigation>z:\es4\testproject (2)\testproject\source\impl_1\game_logic.vhd</Navigation>
            <Navigation>78</Navigation>
            <Navigation>0</Navigation>
            <Navigation>78</Navigation>
            <Navigation>1</Navigation>
            <Navigation>Net game.Collision_1[0] (pin game.Collision_1[0].Q[0]) appears to be an unidentified clock source. Assuming default frequency. If this is a required clock, declare a clock constraint on this net in your constraint file.</Navigation>
        </Message>
        <Message>
            <ID>2019991</ID>
            <Severity>16</Severity>
            <Dynamic>MT532 :&quot;z:\es4\testproject (2)\testproject\source\impl_1\es_tones_module.vhd&quot;:58:3:58:4|Found signal identified as System clock which controls 1 sequential elements including speaker.sound_out.  Using this clock, which has no specified timing constraint, can adversely impact design performance.</Dynamic>
            <Navigation>MT532</Navigation>
            <Navigation>z:\es4\testproject (2)\testproject\source\impl_1\es_tones_module.vhd</Navigation>
            <Navigation>58</Navigation>
            <Navigation>3</Navigation>
            <Navigation>58</Navigation>
            <Navigation>4</Navigation>
            <Navigation>Found signal identified as System clock which controls 1 sequential elements including speaker.sound_out.  Using this clock, which has no specified timing constraint, can adversely impact design performance. </Navigation>
        </Message>
        <Message>
            <ID>2019991</ID>
            <Severity>16</Severity>
            <Dynamic>MT530 :&quot;z:\es4\testproject (2)\testproject\source\impl_1\es_tones_module.vhd&quot;:42:12:42:13|Found inferred clock main|clk which controls 66 sequential elements including speaker.ch2_count[31:0]. This clock has no specified timing constraint which may adversely impact design performance.</Dynamic>
            <Navigation>MT530</Navigation>
            <Navigation>z:\es4\testproject (2)\testproject\source\impl_1\es_tones_module.vhd</Navigation>
            <Navigation>42</Navigation>
            <Navigation>12</Navigation>
            <Navigation>42</Navigation>
            <Navigation>13</Navigation>
            <Navigation>Found inferred clock main|clk which controls 66 sequential elements including speaker.ch2_count[31:0]. This clock has no specified timing constraint which may adversely impact design performance. </Navigation>
        </Message>
        <Message>
            <ID>2019991</ID>
            <Severity>16</Severity>
            <Dynamic>MT530 :&quot;z:\es4\testproject (2)\testproject\source\impl_1\game_logic.vhd&quot;:75:0:75:1|Found inferred clock mypll_ipgen_lscc_pll_Z1_layer1|outcore_o_inferred_clock which controls 127 sequential elements including game.turnover[18:0]. This clock has no specified timing constraint which may adversely impact design performance.</Dynamic>
            <Navigation>MT530</Navigation>
            <Navigation>z:\es4\testproject (2)\testproject\source\impl_1\game_logic.vhd</Navigation>
            <Navigation>75</Navigation>
            <Navigation>0</Navigation>
            <Navigation>75</Navigation>
            <Navigation>1</Navigation>
            <Navigation>Found inferred clock mypll_ipgen_lscc_pll_Z1_layer1|outcore_o_inferred_clock which controls 127 sequential elements including game.turnover[18:0]. This clock has no specified timing constraint which may adversely impact design performance. </Navigation>
        </Message>
        <Message>
            <ID>2019991</ID>
            <Severity>16</Severity>
            <Dynamic>BN132 :&quot;z:\es4\testproject (2)\testproject\source\impl_1\pattern_gen.vhd&quot;:137:8:137:9|Removing instance cgen.colors_1[1] because it is equivalent to instance cgen.colors_1[0]. To keep the instance, apply constraint syn_preserve=1 on the instance.</Dynamic>
            <Navigation>BN132</Navigation>
            <Navigation>z:\es4\testproject (2)\testproject\source\impl_1\pattern_gen.vhd</Navigation>
            <Navigation>137</Navigation>
            <Navigation>8</Navigation>
            <Navigation>137</Navigation>
            <Navigation>9</Navigation>
            <Navigation>Removing instance cgen.colors_1[1] because it is equivalent to instance cgen.colors_1[0]. To keep the instance, apply constraint syn_preserve=1 on the instance.</Navigation>
        </Message>
        <Message>
            <ID>2019991</ID>
            <Severity>16</Severity>
            <Dynamic>MO129 :&quot;z:\es4\testproject (2)\testproject\source\impl_1\startscreen.vhd&quot;:18:0:18:3|Sequential instance cgen.StartRom.data_3_00_9_dreg is reduced to a combinational gate by constant propagation.</Dynamic>
            <Navigation>MO129</Navigation>
            <Navigation>z:\es4\testproject (2)\testproject\source\impl_1\startscreen.vhd</Navigation>
            <Navigation>18</Navigation>
            <Navigation>0</Navigation>
            <Navigation>18</Navigation>
            <Navigation>3</Navigation>
            <Navigation>Sequential instance cgen.StartRom.data_3_00_9_dreg is reduced to a combinational gate by constant propagation.</Navigation>
        </Message>
        <Message>
            <ID>2019991</ID>
            <Severity>16</Severity>
            <Dynamic>MO129 :&quot;z:\es4\testproject (2)\testproject\source\impl_1\startscreen.vhd&quot;:18:0:18:3|Sequential instance cgen.StartRom.data_3_00_dreg is reduced to a combinational gate by constant propagation.</Dynamic>
            <Navigation>MO129</Navigation>
            <Navigation>z:\es4\testproject (2)\testproject\source\impl_1\startscreen.vhd</Navigation>
            <Navigation>18</Navigation>
            <Navigation>0</Navigation>
            <Navigation>18</Navigation>
            <Navigation>3</Navigation>
            <Navigation>Sequential instance cgen.StartRom.data_3_00_dreg is reduced to a combinational gate by constant propagation.</Navigation>
        </Message>
        <Message>
            <ID>2019991</ID>
            <Severity>16</Severity>
            <Dynamic>MO129 :&quot;z:\es4\testproject (2)\testproject\source\impl_1\startscreen.vhd&quot;:18:0:18:3|Sequential instance cgen.StartRom.data_3_00_10_dreg is reduced to a combinational gate by constant propagation.</Dynamic>
            <Navigation>MO129</Navigation>
            <Navigation>z:\es4\testproject (2)\testproject\source\impl_1\startscreen.vhd</Navigation>
            <Navigation>18</Navigation>
            <Navigation>0</Navigation>
            <Navigation>18</Navigation>
            <Navigation>3</Navigation>
            <Navigation>Sequential instance cgen.StartRom.data_3_00_10_dreg is reduced to a combinational gate by constant propagation.</Navigation>
        </Message>
        <Message>
            <ID>2019991</ID>
            <Severity>16</Severity>
            <Dynamic>MO129 :&quot;z:\es4\testproject (2)\testproject\source\impl_1\startscreen.vhd&quot;:18:0:18:3|Sequential instance cgen.StartRom.data_3_00_1_dreg is reduced to a combinational gate by constant propagation.</Dynamic>
            <Navigation>MO129</Navigation>
            <Navigation>z:\es4\testproject (2)\testproject\source\impl_1\startscreen.vhd</Navigation>
            <Navigation>18</Navigation>
            <Navigation>0</Navigation>
            <Navigation>18</Navigation>
            <Navigation>3</Navigation>
            <Navigation>Sequential instance cgen.StartRom.data_3_00_1_dreg is reduced to a combinational gate by constant propagation.</Navigation>
        </Message>
        <Message>
            <ID>2019991</ID>
            <Severity>16</Severity>
            <Dynamic>MT246 :&quot;z:\es4\testproject (2)\testproject\mypll\rtl\mypll.v&quot;:202:69:202:75|Blackbox PLL_B is missing a user supplied timing model. This may have a negative effect on timing analysis and optimizations (Quality of Results)</Dynamic>
            <Navigation>MT246</Navigation>
            <Navigation>z:\es4\testproject (2)\testproject\mypll\rtl\mypll.v</Navigation>
            <Navigation>202</Navigation>
            <Navigation>69</Navigation>
            <Navigation>202</Navigation>
            <Navigation>75</Navigation>
            <Navigation>Blackbox PLL_B is missing a user supplied timing model. This may have a negative effect on timing analysis and optimizations (Quality of Results)</Navigation>
        </Message>
        <Message>
            <ID>2019993</ID>
            <Severity>16</Severity>
            <Dynamic>MT420 |Found inferred clock main|clk with period 5.00ns. Please declare a user-defined clock on port clk.</Dynamic>
            <Navigation>MT420</Navigation>
            <Navigation>Found inferred clock main|clk with period 5.00ns. Please declare a user-defined clock on port clk.</Navigation>
        </Message>
        <Message>
            <ID>2019993</ID>
            <Severity>16</Severity>
            <Dynamic>MT420 |Found inferred clock mypll_ipgen_lscc_pll_Z1_layer1|outcore_o_inferred_clock with period 5.00ns. Please declare a user-defined clock on net pl.lscc_pll_inst.clk_out.</Dynamic>
            <Navigation>MT420</Navigation>
            <Navigation>Found inferred clock mypll_ipgen_lscc_pll_Z1_layer1|outcore_o_inferred_clock with period 5.00ns. Please declare a user-defined clock on net pl.lscc_pll_inst.clk_out.</Navigation>
        </Message>
        <Message>
            <ID>35811146</ID>
            <Severity>1</Severity>
            <Dynamic>game/un22_collision_enable_cry_0_c_0.CIN</Dynamic>
        </Message>
        <Message>
            <ID>35811146</ID>
            <Severity>1</Severity>
            <Dynamic>game/un28_collision_enable_cry_0_c_0.CIN</Dynamic>
        </Message>
        <Message>
            <ID>35811146</ID>
            <Severity>1</Severity>
            <Dynamic>game/un64_collision_enable_cry_0_c_0.CIN</Dynamic>
        </Message>
        <Message>
            <ID>35811146</ID>
            <Severity>1</Severity>
            <Dynamic>game/un44_collision_enable_cry_0_c_0.CIN</Dynamic>
        </Message>
        <Message>
            <ID>35811146</ID>
            <Severity>1</Severity>
            <Dynamic>game/un86_collision_enable_cry_0_c_0.CIN</Dynamic>
        </Message>
        <Message>
            <ID>35811146</ID>
            <Severity>1</Severity>
            <Dynamic>game/un122_collision_enable_cry_0_c_0.CIN</Dynamic>
        </Message>
        <Message>
            <ID>35811146</ID>
            <Severity>1</Severity>
            <Dynamic>game/un164_collision_enable_cry_0_c_0.CIN</Dynamic>
        </Message>
        <Message>
            <ID>35811146</ID>
            <Severity>1</Severity>
            <Dynamic>game/un7_collision_enable_cry_0_c_0.CIN</Dynamic>
        </Message>
        <Message>
            <ID>35811146</ID>
            <Severity>1</Severity>
            <Dynamic>game/un13_collision_enable_cry_0_c_0.CIN</Dynamic>
        </Message>
        <Message>
            <ID>35811146</ID>
            <Severity>1</Severity>
            <Dynamic>game/un91_collision_enable_cry_0_c_0.CIN</Dynamic>
        </Message>
        <Message>
            <ID>35811149</ID>
            <Severity>1</Severity>
        </Message>
        <Message>
            <ID>70001944</ID>
            <Severity>16</Severity>
            <Dynamic>create_generated_clock -name {clk_out} -source [get_pins {pl/lscc_pll_inst/u_PLL_B/REFERENCECLK}] -multiply_by 67 -divide_by 32 [get_pins {pl/lscc_pll_inst/u_PLL_B/OUTCORE }] </Dynamic>
        </Message>
    </Task>
    <Task name="Map">
        <Message>
            <ID>1026001</ID>
            <Severity>16</Severity>
            <Dynamic>Z:/ES4/testproject (2)/testproject/pinout.pdc</Dynamic>
            <Dynamic>1</Dynamic>
            <Dynamic>No port matched 'sound_ch_en[0]'.</Dynamic>
            <Navigation>Z:/ES4/testproject (2)/testproject/pinout.pdc</Navigation>
            <Navigation>1</Navigation>
        </Message>
        <Message>
            <ID>1027013</ID>
            <Severity>16</Severity>
            <Dynamic>port</Dynamic>
            <Dynamic>sound_ch_en[0]</Dynamic>
        </Message>
        <Message>
            <ID>1014301</ID>
            <Severity>16</Severity>
            <Dynamic>sound_ch_en[0]</Dynamic>
            <Dynamic>ldc_set_location -site {3} [get_ports {sound_ch_en[0]}]</Dynamic>
        </Message>
        <Message>
            <ID>1011001</ID>
            <Severity>16</Severity>
            <Dynamic>ldc_set_location -site {3} [get_ports {sound_ch_en[0]}]</Dynamic>
        </Message>
        <Message>
            <ID>71003020</ID>
            <Severity>16</Severity>
            <Dynamic>input_clk</Dynamic>
        </Message>
        <Message>
            <ID>71003020</ID>
            <Severity>16</Severity>
            <Dynamic>sound_ch_en</Dynamic>
        </Message>
        <Message>
            <ID>71003020</ID>
            <Severity>16</Severity>
            <Dynamic>input_clk</Dynamic>
        </Message>
        <Message>
            <ID>71003020</ID>
            <Severity>16</Severity>
            <Dynamic>sound_ch_en</Dynamic>
        </Message>
        <Message>
            <ID>71003005</ID>
            <Severity>256</Severity>
            <Dynamic>clk</Dynamic>
            <Dynamic>18</Dynamic>
        </Message>
    </Task>
</BaliMessageLog>