<?xml version="1.0" encoding="UTF-8"?>
<BaliMessageLog>
    <Task name="Map">
        <Message>
            <ID>1026001</ID>
            <Severity>16</Severity>
            <Dynamic>C:/Users/sahmed18/Downloads/testproject/testproject/pinout.pdc</Dynamic>
            <Dynamic>1</Dynamic>
            <Dynamic>No port matched 'sound_ch_en[0]'.</Dynamic>
            <Navigation>C:/Users/sahmed18/Downloads/testproject/testproject/pinout.pdc</Navigation>
            <Navigation>1</Navigation>
        </Message>
        <Message>
            <ID>1027013</ID>
            <Severity>16</Severity>
            <Dynamic>port</Dynamic>
            <Dynamic>sound_ch_en[0]</Dynamic>
        </Message>
        <Message>
            <ID>1014301</ID>
            <Severity>16</Severity>
            <Dynamic>sound_ch_en[0]</Dynamic>
            <Dynamic>ldc_set_location -site {3} [get_ports {sound_ch_en[0]}]</Dynamic>
        </Message>
        <Message>
            <ID>1011001</ID>
            <Severity>16</Severity>
            <Dynamic>ldc_set_location -site {3} [get_ports {sound_ch_en[0]}]</Dynamic>
        </Message>
        <Message>
            <ID>71003020</ID>
            <Severity>16</Severity>
            <Dynamic>UpP2</Dynamic>
        </Message>
        <Message>
            <ID>71003020</ID>
            <Severity>16</Severity>
            <Dynamic>DownP2</Dynamic>
        </Message>
        <Message>
            <ID>71003020</ID>
            <Severity>16</Severity>
            <Dynamic>LeftP2</Dynamic>
        </Message>
        <Message>
            <ID>71003020</ID>
            <Severity>16</Severity>
            <Dynamic>RightP2</Dynamic>
        </Message>
        <Message>
            <ID>71003020</ID>
            <Severity>16</Severity>
            <Dynamic>input_clk</Dynamic>
        </Message>
        <Message>
            <ID>71003020</ID>
            <Severity>16</Severity>
            <Dynamic>sound_ch_en</Dynamic>
        </Message>
        <Message>
            <ID>71003020</ID>
            <Severity>16</Severity>
            <Dynamic>UpP2</Dynamic>
        </Message>
        <Message>
            <ID>71003020</ID>
            <Severity>16</Severity>
            <Dynamic>DownP2</Dynamic>
        </Message>
        <Message>
            <ID>71003020</ID>
            <Severity>16</Severity>
            <Dynamic>LeftP2</Dynamic>
        </Message>
        <Message>
            <ID>71003020</ID>
            <Severity>16</Severity>
            <Dynamic>RightP2</Dynamic>
        </Message>
        <Message>
            <ID>71003020</ID>
            <Severity>16</Severity>
            <Dynamic>input_clk</Dynamic>
        </Message>
        <Message>
            <ID>71003020</ID>
            <Severity>16</Severity>
            <Dynamic>sound_ch_en</Dynamic>
        </Message>
        <Message>
            <ID>71003005</ID>
            <Severity>256</Severity>
            <Dynamic>clk</Dynamic>
            <Dynamic>18</Dynamic>
        </Message>
    </Task>
    <Task name="Export">
        <Message>
            <ID>77001032</ID>
            <Severity>16</Severity>
            <Dynamic>UpP2</Dynamic>
            <Dynamic>ldc_set_location -site {43} [get_ports UpP2]</Dynamic>
        </Message>
        <Message>
            <ID>77001031</ID>
            <Severity>16</Severity>
            <Dynamic>ldc_set_location -site {43} [get_ports UpP2]</Dynamic>
        </Message>
        <Message>
            <ID>77001032</ID>
            <Severity>16</Severity>
            <Dynamic>DownP2</Dynamic>
            <Dynamic>ldc_set_location -site {36} [get_ports DownP2]</Dynamic>
        </Message>
        <Message>
            <ID>77001031</ID>
            <Severity>16</Severity>
            <Dynamic>ldc_set_location -site {36} [get_ports DownP2]</Dynamic>
        </Message>
        <Message>
            <ID>77001032</ID>
            <Severity>16</Severity>
            <Dynamic>RightP2</Dynamic>
            <Dynamic>ldc_set_location -site {42} [get_ports RightP2]</Dynamic>
        </Message>
        <Message>
            <ID>77001031</ID>
            <Severity>16</Severity>
            <Dynamic>ldc_set_location -site {42} [get_ports RightP2]</Dynamic>
        </Message>
        <Message>
            <ID>77001032</ID>
            <Severity>16</Severity>
            <Dynamic>LeftP2</Dynamic>
            <Dynamic>ldc_set_location -site {38} [get_ports LeftP2]</Dynamic>
        </Message>
        <Message>
            <ID>77001031</ID>
            <Severity>16</Severity>
            <Dynamic>ldc_set_location -site {38} [get_ports LeftP2]</Dynamic>
        </Message>
        <Message>
            <ID>1191031</ID>
            <Severity>1</Severity>
        </Message>
    </Task>
    <Task name="PAR">
        <Message>
            <ID>77001032</ID>
            <Severity>16</Severity>
            <Dynamic>UpP2</Dynamic>
            <Dynamic>ldc_set_location -site {43} [get_ports UpP2]</Dynamic>
        </Message>
        <Message>
            <ID>77001031</ID>
            <Severity>16</Severity>
            <Dynamic>ldc_set_location -site {43} [get_ports UpP2]</Dynamic>
        </Message>
        <Message>
            <ID>77001032</ID>
            <Severity>16</Severity>
            <Dynamic>DownP2</Dynamic>
            <Dynamic>ldc_set_location -site {36} [get_ports DownP2]</Dynamic>
        </Message>
        <Message>
            <ID>77001031</ID>
            <Severity>16</Severity>
            <Dynamic>ldc_set_location -site {36} [get_ports DownP2]</Dynamic>
        </Message>
        <Message>
            <ID>77001032</ID>
            <Severity>16</Severity>
            <Dynamic>RightP2</Dynamic>
            <Dynamic>ldc_set_location -site {42} [get_ports RightP2]</Dynamic>
        </Message>
        <Message>
            <ID>77001031</ID>
            <Severity>16</Severity>
            <Dynamic>ldc_set_location -site {42} [get_ports RightP2]</Dynamic>
        </Message>
        <Message>
            <ID>77001032</ID>
            <Severity>16</Severity>
            <Dynamic>LeftP2</Dynamic>
            <Dynamic>ldc_set_location -site {38} [get_ports LeftP2]</Dynamic>
        </Message>
        <Message>
            <ID>77001031</ID>
            <Severity>16</Severity>
            <Dynamic>ldc_set_location -site {38} [get_ports LeftP2]</Dynamic>
        </Message>
        <Message>
            <ID>70001944</ID>
            <Severity>16</Severity>
            <Dynamic>create_generated_clock -name {clk_out} -source [get_pins {pl/lscc_pll_inst/u_PLL_B/REFERENCECLK}] -multiply_by 67 -divide_by 32 [get_pins {pl/lscc_pll_inst/u_PLL_B/OUTCORE }] </Dynamic>
        </Message>
        <Message>
            <ID>77001032</ID>
            <Severity>16</Severity>
            <Dynamic>UpP2</Dynamic>
            <Dynamic>ldc_set_location -site {43} [get_ports UpP2]</Dynamic>
        </Message>
        <Message>
            <ID>77001031</ID>
            <Severity>16</Severity>
            <Dynamic>ldc_set_location -site {43} [get_ports UpP2]</Dynamic>
        </Message>
        <Message>
            <ID>77001032</ID>
            <Severity>16</Severity>
            <Dynamic>DownP2</Dynamic>
            <Dynamic>ldc_set_location -site {36} [get_ports DownP2]</Dynamic>
        </Message>
        <Message>
            <ID>77001031</ID>
            <Severity>16</Severity>
            <Dynamic>ldc_set_location -site {36} [get_ports DownP2]</Dynamic>
        </Message>
        <Message>
            <ID>77001032</ID>
            <Severity>16</Severity>
            <Dynamic>RightP2</Dynamic>
            <Dynamic>ldc_set_location -site {42} [get_ports RightP2]</Dynamic>
        </Message>
        <Message>
            <ID>77001031</ID>
            <Severity>16</Severity>
            <Dynamic>ldc_set_location -site {42} [get_ports RightP2]</Dynamic>
        </Message>
        <Message>
            <ID>77001032</ID>
            <Severity>16</Severity>
            <Dynamic>LeftP2</Dynamic>
            <Dynamic>ldc_set_location -site {38} [get_ports LeftP2]</Dynamic>
        </Message>
        <Message>
            <ID>77001031</ID>
            <Severity>16</Severity>
            <Dynamic>ldc_set_location -site {38} [get_ports LeftP2]</Dynamic>
        </Message>
        <Message>
            <ID>71003020</ID>
            <Severity>16</Severity>
            <Dynamic>UpP2</Dynamic>
        </Message>
        <Message>
            <ID>71003020</ID>
            <Severity>16</Severity>
            <Dynamic>DownP2</Dynamic>
        </Message>
        <Message>
            <ID>71003020</ID>
            <Severity>16</Severity>
            <Dynamic>LeftP2</Dynamic>
        </Message>
        <Message>
            <ID>71003020</ID>
            <Severity>16</Severity>
            <Dynamic>RightP2</Dynamic>
        </Message>
        <Message>
            <ID>71003020</ID>
            <Severity>16</Severity>
            <Dynamic>input_clk</Dynamic>
        </Message>
        <Message>
            <ID>71003020</ID>
            <Severity>16</Severity>
            <Dynamic>sound_ch_en</Dynamic>
        </Message>
        <Message>
            <ID>71003020</ID>
            <Severity>16</Severity>
            <Dynamic>UpP2</Dynamic>
        </Message>
        <Message>
            <ID>71003020</ID>
            <Severity>16</Severity>
            <Dynamic>DownP2</Dynamic>
        </Message>
        <Message>
            <ID>71003020</ID>
            <Severity>16</Severity>
            <Dynamic>LeftP2</Dynamic>
        </Message>
        <Message>
            <ID>71003020</ID>
            <Severity>16</Severity>
            <Dynamic>RightP2</Dynamic>
        </Message>
        <Message>
            <ID>71003020</ID>
            <Severity>16</Severity>
            <Dynamic>input_clk</Dynamic>
        </Message>
        <Message>
            <ID>71003020</ID>
            <Severity>16</Severity>
            <Dynamic>sound_ch_en</Dynamic>
        </Message>
        <Message>
            <ID>71003020</ID>
            <Severity>16</Severity>
            <Dynamic>UpP2</Dynamic>
        </Message>
        <Message>
            <ID>71003020</ID>
            <Severity>16</Severity>
            <Dynamic>DownP2</Dynamic>
        </Message>
        <Message>
            <ID>71003020</ID>
            <Severity>16</Severity>
            <Dynamic>LeftP2</Dynamic>
        </Message>
        <Message>
            <ID>71003020</ID>
            <Severity>16</Severity>
            <Dynamic>RightP2</Dynamic>
        </Message>
        <Message>
            <ID>71003020</ID>
            <Severity>16</Severity>
            <Dynamic>input_clk</Dynamic>
        </Message>
        <Message>
            <ID>71003020</ID>
            <Severity>16</Severity>
            <Dynamic>sound_ch_en</Dynamic>
        </Message>
        <Message>
            <ID>71003020</ID>
            <Severity>16</Severity>
            <Dynamic>UpP2</Dynamic>
        </Message>
        <Message>
            <ID>71003020</ID>
            <Severity>16</Severity>
            <Dynamic>DownP2</Dynamic>
        </Message>
        <Message>
            <ID>71003020</ID>
            <Severity>16</Severity>
            <Dynamic>LeftP2</Dynamic>
        </Message>
        <Message>
            <ID>71003020</ID>
            <Severity>16</Severity>
            <Dynamic>RightP2</Dynamic>
        </Message>
        <Message>
            <ID>71003020</ID>
            <Severity>16</Severity>
            <Dynamic>input_clk</Dynamic>
        </Message>
        <Message>
            <ID>71003020</ID>
            <Severity>16</Severity>
            <Dynamic>sound_ch_en</Dynamic>
        </Message>
        <Message>
            <ID>71003005</ID>
            <Severity>256</Severity>
            <Dynamic>clk</Dynamic>
            <Dynamic>18</Dynamic>
        </Message>
        <Message>
            <ID>70001944</ID>
            <Severity>16</Severity>
            <Dynamic>create_generated_clock -name {clk_out} -source [get_pins {pl/lscc_pll_inst/u_PLL_B/REFERENCECLK}] -multiply_by 67 -divide_by 32 [get_pins {pl/lscc_pll_inst/u_PLL_B/OUTCORE }] </Dynamic>
        </Message>
        <Message>
            <ID>77001032</ID>
            <Severity>16</Severity>
            <Dynamic>UpP2</Dynamic>
            <Dynamic>ldc_set_location -site {43} [get_ports UpP2]</Dynamic>
        </Message>
        <Message>
            <ID>77001031</ID>
            <Severity>16</Severity>
            <Dynamic>ldc_set_location -site {43} [get_ports UpP2]</Dynamic>
        </Message>
        <Message>
            <ID>77001032</ID>
            <Severity>16</Severity>
            <Dynamic>DownP2</Dynamic>
            <Dynamic>ldc_set_location -site {36} [get_ports DownP2]</Dynamic>
        </Message>
        <Message>
            <ID>77001031</ID>
            <Severity>16</Severity>
            <Dynamic>ldc_set_location -site {36} [get_ports DownP2]</Dynamic>
        </Message>
        <Message>
            <ID>77001032</ID>
            <Severity>16</Severity>
            <Dynamic>RightP2</Dynamic>
            <Dynamic>ldc_set_location -site {42} [get_ports RightP2]</Dynamic>
        </Message>
        <Message>
            <ID>77001031</ID>
            <Severity>16</Severity>
            <Dynamic>ldc_set_location -site {42} [get_ports RightP2]</Dynamic>
        </Message>
        <Message>
            <ID>77001032</ID>
            <Severity>16</Severity>
            <Dynamic>LeftP2</Dynamic>
            <Dynamic>ldc_set_location -site {38} [get_ports LeftP2]</Dynamic>
        </Message>
        <Message>
            <ID>77001031</ID>
            <Severity>16</Severity>
            <Dynamic>ldc_set_location -site {38} [get_ports LeftP2]</Dynamic>
        </Message>
        <Message>
            <ID>77001032</ID>
            <Severity>16</Severity>
            <Dynamic>UpP2</Dynamic>
            <Dynamic>ldc_set_location -site {43} [get_ports UpP2]</Dynamic>
        </Message>
        <Message>
            <ID>77001031</ID>
            <Severity>16</Severity>
            <Dynamic>ldc_set_location -site {43} [get_ports UpP2]</Dynamic>
        </Message>
        <Message>
            <ID>77001032</ID>
            <Severity>16</Severity>
            <Dynamic>DownP2</Dynamic>
            <Dynamic>ldc_set_location -site {36} [get_ports DownP2]</Dynamic>
        </Message>
        <Message>
            <ID>77001031</ID>
            <Severity>16</Severity>
            <Dynamic>ldc_set_location -site {36} [get_ports DownP2]</Dynamic>
        </Message>
        <Message>
            <ID>77001032</ID>
            <Severity>16</Severity>
            <Dynamic>RightP2</Dynamic>
            <Dynamic>ldc_set_location -site {42} [get_ports RightP2]</Dynamic>
        </Message>
        <Message>
            <ID>77001031</ID>
            <Severity>16</Severity>
            <Dynamic>ldc_set_location -site {42} [get_ports RightP2]</Dynamic>
        </Message>
        <Message>
            <ID>77001032</ID>
            <Severity>16</Severity>
            <Dynamic>LeftP2</Dynamic>
            <Dynamic>ldc_set_location -site {38} [get_ports LeftP2]</Dynamic>
        </Message>
        <Message>
            <ID>77001031</ID>
            <Severity>16</Severity>
            <Dynamic>ldc_set_location -site {38} [get_ports LeftP2]</Dynamic>
        </Message>
        <Message>
            <ID>62202000</ID>
            <Severity>256</Severity>
            <Dynamic>clk_c</Dynamic>
        </Message>
        <Message>
            <ID>70001944</ID>
            <Severity>16</Severity>
            <Dynamic>create_generated_clock -name {clk_out} -source [get_pins {pl/lscc_pll_inst/u_PLL_B/REFERENCECLK}] -multiply_by 67 -divide_by 32 [get_pins {pl/lscc_pll_inst/u_PLL_B/OUTCORE }] </Dynamic>
        </Message>
        <Message>
            <ID>70001944</ID>
            <Severity>16</Severity>
            <Dynamic>create_generated_clock -name {clk_out} -source [get_pins {pl/lscc_pll_inst/u_PLL_B/REFERENCECLK}] -multiply_by 67 -divide_by 32 [get_pins {pl/lscc_pll_inst/u_PLL_B/OUTCORE }] </Dynamic>
        </Message>
        <Message>
            <ID>70001944</ID>
            <Severity>16</Severity>
            <Dynamic>create_generated_clock -name {clk_out} -source [get_pins {pl/lscc_pll_inst/u_PLL_B/REFERENCECLK}] -multiply_by 67 -divide_by 32 [get_pins {pl/lscc_pll_inst/u_PLL_B/OUTCORE }] </Dynamic>
        </Message>
    </Task>
    <Task name="Synthesis">
        <Message>
            <ID>35831026</ID>
            <Severity>16</Severity>
        </Message>
        <Message>
            <ID>35935050</ID>
            <Severity>16</Severity>
            <Dynamic>TRIM9</Dynamic>
        </Message>
        <Message>
            <ID>35935050</ID>
            <Severity>16</Severity>
            <Dynamic>TRIM8</Dynamic>
        </Message>
        <Message>
            <ID>35935050</ID>
            <Severity>16</Severity>
            <Dynamic>TRIM7</Dynamic>
        </Message>
        <Message>
            <ID>35935050</ID>
            <Severity>16</Severity>
            <Dynamic>TRIM6</Dynamic>
        </Message>
        <Message>
            <ID>35935050</ID>
            <Severity>16</Severity>
            <Dynamic>TRIM5</Dynamic>
        </Message>
        <Message>
            <ID>35935050</ID>
            <Severity>16</Severity>
            <Dynamic>TRIM4</Dynamic>
        </Message>
        <Message>
            <ID>35935050</ID>
            <Severity>16</Severity>
            <Dynamic>TRIM3</Dynamic>
        </Message>
        <Message>
            <ID>35935050</ID>
            <Severity>16</Severity>
            <Dynamic>TRIM2</Dynamic>
        </Message>
        <Message>
            <ID>35935050</ID>
            <Severity>16</Severity>
            <Dynamic>TRIM1</Dynamic>
        </Message>
        <Message>
            <ID>35935050</ID>
            <Severity>16</Severity>
            <Dynamic>TRIM0</Dynamic>
        </Message>
        <Message>
            <ID>35935050</ID>
            <Severity>16</Severity>
            <Dynamic>I</Dynamic>
        </Message>
        <Message>
            <ID>35901018</ID>
            <Severity>1</Severity>
            <Dynamic>C:/Users/sahmed18/Downloads/testproject/testproject/mypll/rtl/mypll.v(11): </Dynamic>
            <Dynamic>mypll</Dynamic>
            <Navigation>C:/Users/sahmed18/Downloads/testproject/testproject/mypll/rtl/mypll.v</Navigation>
            <Navigation>11</Navigation>
        </Message>
        <Message>
            <ID>35901018</ID>
            <Severity>1</Severity>
            <Dynamic>C:/Users/sahmed18/Downloads/testproject/testproject/mypll/rtl/mypll.v(105): </Dynamic>
            <Dynamic>mypll_ipgen_lscc_pll(DIVR=&quot;0&quot;,DIVF=&quot;66&quot;,DIVQ=&quot;5&quot;,FILTER_RANGE=&quot;1&quot;,PLLOUT_SELECT_PORTA=&quot;GENCLK&quot;,PLLOUT_SELECT_PORTB=&quot;GENCLK&quot;,FREQUENCY_PIN_REFERENCECLK=&quot;12.000000&quot;)</Dynamic>
            <Navigation>C:/Users/sahmed18/Downloads/testproject/testproject/mypll/rtl/mypll.v</Navigation>
            <Navigation>105</Navigation>
        </Message>
        <Message>
            <ID>35901018</ID>
            <Severity>1</Severity>
            <Dynamic>C:/lscc/radiant/2023.1/ispfpga/../cae_library/synthesis/verilog/iCE40UP.v(428): </Dynamic>
            <Dynamic>PLL_B(PLLOUT_SELECT_PORTA=&quot;GENCLK&quot;,PLLOUT_SELECT_PORTB=&quot;GENCLK&quot;,DIVF=&quot;66&quot;,DIVQ=&quot;5&quot;,FILTER_RANGE=&quot;1&quot;,FREQUENCY_PIN_REFERENCECLK=&quot;12.000000&quot;)</Dynamic>
            <Navigation>C:/lscc/radiant/2023.1/ispfpga/../cae_library/synthesis/verilog/iCE40UP.v</Navigation>
            <Navigation>428</Navigation>
        </Message>
        <Message>
            <ID>35935049</ID>
            <Severity>16</Severity>
            <Dynamic>sclk_i</Dynamic>
        </Message>
        <Message>
            <ID>35935049</ID>
            <Severity>16</Severity>
            <Dynamic>sdi_i</Dynamic>
        </Message>
        <Message>
            <ID>35831038</ID>
            <Severity>1</Severity>
            <Dynamic>main</Dynamic>
        </Message>
        <Message>
            <ID>35831026</ID>
            <Severity>16</Severity>
        </Message>
        <Message>
            <ID>35935050</ID>
            <Severity>16</Severity>
            <Dynamic>TRIM9</Dynamic>
        </Message>
        <Message>
            <ID>35935050</ID>
            <Severity>16</Severity>
            <Dynamic>TRIM8</Dynamic>
        </Message>
        <Message>
            <ID>35935050</ID>
            <Severity>16</Severity>
            <Dynamic>TRIM7</Dynamic>
        </Message>
        <Message>
            <ID>35935050</ID>
            <Severity>16</Severity>
            <Dynamic>TRIM6</Dynamic>
        </Message>
        <Message>
            <ID>35935050</ID>
            <Severity>16</Severity>
            <Dynamic>TRIM5</Dynamic>
        </Message>
        <Message>
            <ID>35935050</ID>
            <Severity>16</Severity>
            <Dynamic>TRIM4</Dynamic>
        </Message>
        <Message>
            <ID>35935050</ID>
            <Severity>16</Severity>
            <Dynamic>TRIM3</Dynamic>
        </Message>
        <Message>
            <ID>35935050</ID>
            <Severity>16</Severity>
            <Dynamic>TRIM2</Dynamic>
        </Message>
        <Message>
            <ID>35935050</ID>
            <Severity>16</Severity>
            <Dynamic>TRIM1</Dynamic>
        </Message>
        <Message>
            <ID>35935050</ID>
            <Severity>16</Severity>
            <Dynamic>TRIM0</Dynamic>
        </Message>
        <Message>
            <ID>35935050</ID>
            <Severity>16</Severity>
            <Dynamic>I</Dynamic>
        </Message>
        <Message>
            <ID>35901018</ID>
            <Severity>1</Severity>
            <Dynamic>mypll.v(63): </Dynamic>
            <Dynamic>mypll</Dynamic>
            <Navigation>mypll.v</Navigation>
            <Navigation>63</Navigation>
        </Message>
        <Message>
            <ID>35001786</ID>
            <Severity>1</Severity>
        </Message>
        <Message>
            <ID>35935050</ID>
            <Severity>16</Severity>
            <Dynamic>TRIM9</Dynamic>
        </Message>
        <Message>
            <ID>35935050</ID>
            <Severity>16</Severity>
            <Dynamic>TRIM8</Dynamic>
        </Message>
        <Message>
            <ID>35935050</ID>
            <Severity>16</Severity>
            <Dynamic>TRIM7</Dynamic>
        </Message>
        <Message>
            <ID>35935050</ID>
            <Severity>16</Severity>
            <Dynamic>TRIM6</Dynamic>
        </Message>
        <Message>
            <ID>35935050</ID>
            <Severity>16</Severity>
            <Dynamic>TRIM5</Dynamic>
        </Message>
        <Message>
            <ID>35935050</ID>
            <Severity>16</Severity>
            <Dynamic>TRIM4</Dynamic>
        </Message>
        <Message>
            <ID>35935050</ID>
            <Severity>16</Severity>
            <Dynamic>TRIM3</Dynamic>
        </Message>
        <Message>
            <ID>35935050</ID>
            <Severity>16</Severity>
            <Dynamic>TRIM2</Dynamic>
        </Message>
        <Message>
            <ID>35935050</ID>
            <Severity>16</Severity>
            <Dynamic>TRIM1</Dynamic>
        </Message>
        <Message>
            <ID>35935050</ID>
            <Severity>16</Severity>
            <Dynamic>TRIM0</Dynamic>
        </Message>
        <Message>
            <ID>35935050</ID>
            <Severity>16</Severity>
            <Dynamic>I</Dynamic>
        </Message>
        <Message>
            <ID>35921014</ID>
            <Severity>1</Severity>
            <Dynamic>c:/lscc/radiant/2023.1/ip/pmi/pmi_ice40up.vhd(4): </Dynamic>
            <Dynamic>components</Dynamic>
            <Navigation>c:/lscc/radiant/2023.1/ip/pmi/pmi_ice40up.vhd</Navigation>
            <Navigation>4</Navigation>
        </Message>
        <Message>
            <ID>35921012</ID>
            <Severity>1</Severity>
            <Dynamic>c:/users/sahmed18/downloads/testproject/testproject/source/impl_1/es_tones_module.vhd(5): </Dynamic>
            <Dynamic>tones</Dynamic>
            <Navigation>c:/users/sahmed18/downloads/testproject/testproject/source/impl_1/es_tones_module.vhd</Navigation>
            <Navigation>5</Navigation>
        </Message>
        <Message>
            <ID>35921010</ID>
            <Severity>1</Severity>
            <Dynamic>c:/users/sahmed18/downloads/testproject/testproject/source/impl_1/es_tones_module.vhd(18): </Dynamic>
            <Dynamic>synth</Dynamic>
            <Navigation>c:/users/sahmed18/downloads/testproject/testproject/source/impl_1/es_tones_module.vhd</Navigation>
            <Navigation>18</Navigation>
        </Message>
        <Message>
            <ID>35921012</ID>
            <Severity>1</Severity>
            <Dynamic>c:/users/sahmed18/downloads/testproject/testproject/source/impl_1/main.vhd(5): </Dynamic>
            <Dynamic>main</Dynamic>
            <Navigation>c:/users/sahmed18/downloads/testproject/testproject/source/impl_1/main.vhd</Navigation>
            <Navigation>5</Navigation>
        </Message>
        <Message>
            <ID>35921010</ID>
            <Severity>1</Severity>
            <Dynamic>c:/users/sahmed18/downloads/testproject/testproject/source/impl_1/main.vhd(27): </Dynamic>
            <Dynamic>synth</Dynamic>
            <Navigation>c:/users/sahmed18/downloads/testproject/testproject/source/impl_1/main.vhd</Navigation>
            <Navigation>27</Navigation>
        </Message>
        <Message>
            <ID>35921012</ID>
            <Severity>1</Severity>
            <Dynamic>c:/users/sahmed18/downloads/testproject/testproject/source/impl_1/vga.vhd(6): </Dynamic>
            <Dynamic>vga</Dynamic>
            <Navigation>c:/users/sahmed18/downloads/testproject/testproject/source/impl_1/vga.vhd</Navigation>
            <Navigation>6</Navigation>
        </Message>
        <Message>
            <ID>35921010</ID>
            <Severity>1</Severity>
            <Dynamic>c:/users/sahmed18/downloads/testproject/testproject/source/impl_1/vga.vhd(16): </Dynamic>
            <Dynamic>synth</Dynamic>
            <Navigation>c:/users/sahmed18/downloads/testproject/testproject/source/impl_1/vga.vhd</Navigation>
            <Navigation>16</Navigation>
        </Message>
        <Message>
            <ID>35921012</ID>
            <Severity>1</Severity>
            <Dynamic>c:/users/sahmed18/downloads/testproject/testproject/source/impl_1/pattern_gen.vhd(7): </Dynamic>
            <Dynamic>pattern_gen</Dynamic>
            <Navigation>c:/users/sahmed18/downloads/testproject/testproject/source/impl_1/pattern_gen.vhd</Navigation>
            <Navigation>7</Navigation>
        </Message>
        <Message>
            <ID>35921010</ID>
            <Severity>1</Severity>
            <Dynamic>c:/users/sahmed18/downloads/testproject/testproject/source/impl_1/pattern_gen.vhd(21): </Dynamic>
            <Dynamic>synth</Dynamic>
            <Navigation>c:/users/sahmed18/downloads/testproject/testproject/source/impl_1/pattern_gen.vhd</Navigation>
            <Navigation>21</Navigation>
        </Message>
        <Message>
            <ID>35921012</ID>
            <Severity>1</Severity>
            <Dynamic>c:/users/sahmed18/downloads/testproject/testproject/source/impl_1/game_logic.vhd(6): </Dynamic>
            <Dynamic>gamelogic</Dynamic>
            <Navigation>c:/users/sahmed18/downloads/testproject/testproject/source/impl_1/game_logic.vhd</Navigation>
            <Navigation>6</Navigation>
        </Message>
        <Message>
            <ID>35921010</ID>
            <Severity>1</Severity>
            <Dynamic>c:/users/sahmed18/downloads/testproject/testproject/source/impl_1/game_logic.vhd(27): </Dynamic>
            <Dynamic>synth</Dynamic>
            <Navigation>c:/users/sahmed18/downloads/testproject/testproject/source/impl_1/game_logic.vhd</Navigation>
            <Navigation>27</Navigation>
        </Message>
        <Message>
            <ID>35935049</ID>
            <Severity>16</Severity>
            <Dynamic>sclk_i</Dynamic>
        </Message>
        <Message>
            <ID>35935049</ID>
            <Severity>16</Severity>
            <Dynamic>sdi_i</Dynamic>
        </Message>
        <Message>
            <ID>35935049</ID>
            <Severity>16</Severity>
            <Dynamic>sclk_i</Dynamic>
        </Message>
        <Message>
            <ID>35935049</ID>
            <Severity>16</Severity>
            <Dynamic>sdi_i</Dynamic>
        </Message>
        <Message>
            <ID>35002028</ID>
            <Severity>256</Severity>
            <Dynamic>UpP2</Dynamic>
        </Message>
        <Message>
            <ID>35002028</ID>
            <Severity>256</Severity>
            <Dynamic>DownP2</Dynamic>
        </Message>
        <Message>
            <ID>35002028</ID>
            <Severity>256</Severity>
            <Dynamic>LeftP2</Dynamic>
        </Message>
        <Message>
            <ID>35002028</ID>
            <Severity>256</Severity>
            <Dynamic>RightP2</Dynamic>
        </Message>
        <Message>
            <ID>35002028</ID>
            <Severity>256</Severity>
            <Dynamic>input_clk</Dynamic>
        </Message>
        <Message>
            <ID>35002028</ID>
            <Severity>256</Severity>
            <Dynamic>sound_ch_en</Dynamic>
        </Message>
        <Message>
            <ID>35002028</ID>
            <Severity>256</Severity>
            <Dynamic>UpP2</Dynamic>
        </Message>
        <Message>
            <ID>35002028</ID>
            <Severity>256</Severity>
            <Dynamic>DownP2</Dynamic>
        </Message>
        <Message>
            <ID>35002028</ID>
            <Severity>256</Severity>
            <Dynamic>LeftP2</Dynamic>
        </Message>
        <Message>
            <ID>35002028</ID>
            <Severity>256</Severity>
            <Dynamic>RightP2</Dynamic>
        </Message>
        <Message>
            <ID>35002028</ID>
            <Severity>256</Severity>
            <Dynamic>input_clk</Dynamic>
        </Message>
        <Message>
            <ID>35002028</ID>
            <Severity>256</Severity>
            <Dynamic>sound_ch_en</Dynamic>
        </Message>
        <Message>
            <ID>35001779</ID>
            <Severity>16</Severity>
            <Dynamic>\game/Px_i5</Dynamic>
        </Message>
        <Message>
            <ID>35001779</ID>
            <Severity>16</Severity>
            <Dynamic>\game/Px_i7</Dynamic>
        </Message>
        <Message>
            <ID>35001779</ID>
            <Severity>16</Severity>
            <Dynamic>\game/Py_i2</Dynamic>
        </Message>
        <Message>
            <ID>35001779</ID>
            <Severity>16</Severity>
            <Dynamic>\game/Py_i3</Dynamic>
        </Message>
        <Message>
            <ID>35001779</ID>
            <Severity>16</Severity>
            <Dynamic>\game/Px2_i5</Dynamic>
        </Message>
        <Message>
            <ID>35001779</ID>
            <Severity>16</Severity>
            <Dynamic>\game/Px2_i8</Dynamic>
        </Message>
        <Message>
            <ID>35001779</ID>
            <Severity>16</Severity>
            <Dynamic>\game/Vx2_i1</Dynamic>
        </Message>
        <Message>
            <ID>35001779</ID>
            <Severity>16</Severity>
            <Dynamic>\game/Vx2_i2</Dynamic>
        </Message>
        <Message>
            <ID>35001779</ID>
            <Severity>16</Severity>
            <Dynamic>\game/Vx2_i3</Dynamic>
        </Message>
        <Message>
            <ID>35001779</ID>
            <Severity>16</Severity>
            <Dynamic>\game/Vy2_i1</Dynamic>
        </Message>
        <Message>
            <ID>35001779</ID>
            <Severity>16</Severity>
            <Dynamic>\game/Vy2_i2</Dynamic>
        </Message>
        <Message>
            <ID>35001779</ID>
            <Severity>16</Severity>
            <Dynamic>\game/Vy2_i3</Dynamic>
        </Message>
        <Message>
            <ID>35001779</ID>
            <Severity>16</Severity>
            <Dynamic>\game/Vy2_i4</Dynamic>
        </Message>
        <Message>
            <ID>35001752</ID>
            <Severity>256</Severity>
            <Dynamic>\game/Px2_i10</Dynamic>
        </Message>
        <Message>
            <ID>35002039</ID>
            <Severity>1</Severity>
        </Message>
        <Message>
            <ID>70001944</ID>
            <Severity>16</Severity>
            <Dynamic>create_generated_clock -name {clk_out} -source [get_pins {pl/lscc_pll_inst/u_PLL_B/REFERENCECLK}] -multiply_by 67 -divide_by 32 [get_pins {pl/lscc_pll_inst/u_PLL_B/OUTCORE }] </Dynamic>
        </Message>
    </Task>
</BaliMessageLog>